{"count":1,"gauges":{},"self":8.4716456,"total":9.856963,"children":{"AgentResetIfDone":{"count":427,"self":0.0139524,"total":0.0139524,"children":null},"AgentSendState":{"count":427,"self":0.013035099999999999,"total":0.0170435,"children":{"CollectObservations":{"count":107,"self":0.0040084,"total":0.0040084,"children":null}}},"DecideAction":{"count":427,"self":1.2800027999999999,"total":1.3161782,"children":{"RayPerceptionSensor.Perceive":{"count":107,"self":0.036175399999999996,"total":0.036175399999999996,"children":null}}},"AcademyStep":{"count":427,"self":0.001,"total":0.001,"children":null},"AgentAct":{"count":427,"self":0.0341449,"total":0.0341449,"children":null}}}